Title,Link
Read Customer Service Reviews of www.iforex.com,https://www.trustpilot.com/review/www.iforex.com
,"https://in.investing.com/brokers/reviews/iforex/#:~:text=iFOREX%20stands%20out%20as%20a,can%20diversify%20their%20portfolios%20easily."
,"https://www.investopedia.com/forex-com-review-4587899#:~:text=Our%20Take,Japan%2C%20Canada%2C%20and%20Australia."
,"https://www.iforex.in/trading-conditions#:~:text=Any%20amount%20which%20exceeds%20US,account%20under%20the%20user's%20name."
,"https://www.iforex.in/legal-documents/legal-agreements-and-documents#:~:text=iFOREX%20is%20an%20authorized%2C%20regulated,not%20hesitate%20to%20contact%20us."
"iFOREX Review, Forex Broker&Trading Markets, Legit ...",https://www.wikifx.com/en/dealer/9261574473.html
Is iForex a legitimate trading platform? Is it considered safe ...,https://www.quora.com/Is-iForex-a-legitimate-trading-platform-Is-it-considered-safe-to-trade-with-them
iFOREX Customer Reviews and Comments,https://www.forex-ratings.com/forex-reviews/iforex/
"iFOREX Review 2025: Pros, Cons, & Fees - BrokerNotes.co",https://www.brokernotes.co/reviews/iforex
Online Trading with iFOREX,https://www.iforex.com/
"iFOREX Review 2025: Pros, Cons and Key Features",https://tradersunion.com/brokers/forex/view/iforex/
iFOREX Review - Investing.com IN,https://in.investing.com/brokers/reviews/iforex/
iForex Reviews - Forex broker reviews & ratings,https://www.forexpeacearmy.com/forex-reviews/55/iforex-forex-brokers
iForex Review 2025: Important Things to Know Before ...,https://www.dailyforex.com/forex-brokers/iforex-review
IFOREX Reviews and Ratings,https://www.mouthshut.com/websites/iforex-reviews-925591686
